time,action,value
1517213635.079000,/muse/elements/blink,0
1517213635.095000,/muse/elements/blink,0
1517213635.244000,/muse/elements/blink,0
1517213635.329000,/muse/elements/blink,1
1517213635.397000,/muse/elements/blink,0
1517213635.544000,/muse/elements/blink,0
1517213635.611000,/muse/elements/blink,1
1517213635.695000,/muse/elements/blink,0
1517213635.845000,/muse/elements/blink,1
1517213635.913000,/muse/elements/blink,0
